walshmary1473377299@gmail.com,Password0
walshmary1473372360@gmail.com,Password0
walshmary1473368331@gmail.com,Password0
walshmary1473323340@gmail.com,Password0
walshmary1473321532@gmail.com,Password0
walshmary1473317932@gmail.com,Password0
walshmary1473314337@gmail.com,Password0
walshmary1473312545@gmail.com,Password0
walshmary1473287340@gmail.com,Password0
walshmary1473285536@gmail.com,Password0
walshmary1473284046@gmail.com,Password0
walshmary1473282694@gmail.com,Password0
walshmary1473280136@gmail.com,Password0
walshmary1473279500@gmail.com,Password0
walshmary1473265240@gmail.com,Password0
walshmary1473264529@gmail.com,Password0
walshmary1473263929@gmail.com,Password0
walshmary1473263327@gmail.com,Password0
walshmary1473262730@gmail.com,Password0
walshmary1473262129@gmail.com,Password0
walshmary1473261596@gmail.com,Password0
walshmary1473260329@gmail.com,Password0
walshmary1473259730@gmail.com,Password0
walshmary1473259131@gmail.com,Password0
walshmary1473258525@gmail.com,Password0
walshmary1473258012@gmail.com,Password0
walshmary1473257337@gmail.com,Password0
walshmary1473256727@gmail.com,Password0
walshmary1473256199@gmail.com,Password0
walshmary1473255597@gmail.com,Password0
walshmary1473254926@gmail.com,Password0
walshmary1473254333@gmail.com,Password0
walshmary1473254055@gmail.com,Password0
walshmary1473253131@gmail.com,Password0
walshmary1473252590@gmail.com,Password0
walshmary1473252001@gmail.com,Password0
walshmary1473251326@gmail.com,Password0
walshmary1473250735@gmail.com,Password0
walshmary1473250130@gmail.com,Password0
walshmary1473249610@gmail.com,Password0
walshmary1473248989@gmail.com,Password0
walshmary1473248326@gmail.com,Password0
walshmary1473247865@gmail.com,Password0
walshmary1473247130@gmail.com,Password0
walshmary1473246537@gmail.com,Password0
walshmary1473245926@gmail.com,Password0
walshmary1473245329@gmail.com,Password0
walshmary1473244730@gmail.com,Password0
walshmary1473244131@gmail.com,Password0
walshmary1473243533@gmail.com,Password0
walshmary1473242931@gmail.com,Password0
walshmary1473242333@gmail.com,Password0
walshmary1473241729@gmail.com,Password0
walshmary1473241130@gmail.com,Password0
walshmary1473240530@gmail.com,Password0
walshmary1473239930@gmail.com,Password0
walshmary1473239330@gmail.com,Password0
walshmary1473238732@gmail.com,Password0
walshmary1473238128@gmail.com,Password0
walshmary1473237529@gmail.com,Password0
walshmary1473236939@gmail.com,Password0
walshmary1473236324@gmail.com,Password0
walshmary1473235730@gmail.com,Password0
walshmary1473235127@gmail.com,Password0
walshmary1473234531@gmail.com,Password0
walshmary1473233936@gmail.com,Password0
walshmary1473233329@gmail.com,Password0
walshmary1473232729@gmail.com,Password0
walshmary1473232127@gmail.com,Password0
walshmary1473231530@gmail.com,Password0
walshmary1473230993@gmail.com,Password0
walshmary1473230333@gmail.com,Password0
walshmary1473229730@gmail.com,Password0
walshmary1473229132@gmail.com,Password0
walshmary1473228527@gmail.com,Password0
walshmary1473227990@gmail.com,Password0
walshmary1473227392@gmail.com,Password0
walshmary1473226727@gmail.com,Password0
walshmary1473226126@gmail.com,Password0
walshmary1473225525@gmail.com,Password0
walshmary1473224935@gmail.com,Password0
walshmary1473224330@gmail.com,Password0
walshmary1473223728@gmail.com,Password0
walshmary1473223133@gmail.com,Password0
walshmary1473222531@gmail.com,Password0
walshmary1473221930@gmail.com,Password0
walshmary1473221327@gmail.com,Password0
walshmary1473220792@gmail.com,Password0
walshmary1473220131@gmail.com,Password0
walshmary1473219532@gmail.com,Password0
walshmary1473218926@gmail.com,Password0
walshmary1473218327@gmail.com,Password0
walshmary1473217734@gmail.com,Password0
walshmary1473217125@gmail.com,Password0
walshmary1473216534@gmail.com,Password0
walshmary1473215925@gmail.com,Password0
walshmary1473215398@gmail.com,Password0
walshmary1473214730@gmail.com,Password0
walshmary1473214127@gmail.com,Password0
walshmary1473213533@gmail.com,Password0
walshmary1473212933@gmail.com,Password0
walshmary1473212341@gmail.com,Password0
walshmary1473211737@gmail.com,Password0
walshmary1473211132@gmail.com,Password0
walshmary1473210607@gmail.com,Password0
walshmary1473209932@gmail.com,Password0
walshmary1473209332@gmail.com,Password0
walshmary1473208735@gmail.com,Password0
walshmary1473208133@gmail.com,Password0
walshmary1473207569@gmail.com,Password0
walshmary1473206931@gmail.com,Password0
walshmary1473206329@gmail.com,Password0
walshmary1473205735@gmail.com,Password0
walshmary1473205132@gmail.com,Password0
walshmary1473204533@gmail.com,Password0
walshmary1473203966@gmail.com,Password0
walshmary1473203445@gmail.com,Password0
walshmary1473202765@gmail.com,Password0
walshmary1473202359@gmail.com,Password0
walshmary1473201533@gmail.com,Password0
walshmary1473200938@gmail.com,Password0
walshmary1473200365@gmail.com,Password0
walshmary1473199903@gmail.com,Password0
walshmary1473199132@gmail.com,Password0
walshmary1473198535@gmail.com,Password0
walshmary1473197932@gmail.com,Password0
walshmary1473197335@gmail.com,Password0
walshmary1473196734@gmail.com,Password0
walshmary1473196230@gmail.com,Password0
walshmary1473195532@gmail.com,Password0
walshmary1473194940@gmail.com,Password0
walshmary1473194330@gmail.com,Password0
walshmary1473193930@gmail.com,Password0
walshmary1473193169@gmail.com,Password0
walshmary1473192574@gmail.com,Password0
walshmary1473192034@gmail.com,Password0
walshmary1473191104@gmail.com,Password0
walshmary1473190138@gmail.com,Password0
walshmary1473189490@gmail.com,Password0
walshmary1473188335@gmail.com,Password0
walshmary1473187430@gmail.com,Password0
walshmary1473186536@gmail.com,Password0
walshmary1473185705@gmail.com,Password0
walshmary1473184793@gmail.com,Password0
walshmary1473183836@gmail.com,Password0
